"","x"
"gene1",1
"gene2",1
"gene3",1
"gene4",1
"gene5",1
"gene6",1
"gene7",1
"gene8",1
"gene9",1
"gene10",1
"gene11",1
"gene12",1
"gene13",1
"gene14",1
"gene15",1
"gene16",1
"gene17",1
"gene18",1
"gene19",1
"gene20",1
"gene21",1
"gene22",1
"gene23",1
"gene24",1
"gene25",1
"gene26",1
"gene27",1
"gene28",1
"gene29",1
"gene30",1
"gene31",1
"gene32",1
"gene33",1
"gene34",1
"gene35",1
"gene36",1
"gene37",1
"gene38",1
"gene39",1
"gene40",1
"gene41",1
"gene42",1
"gene43",1
"gene44",1
"gene45",1
"gene46",1
"gene47",1
"gene48",1
"gene49",1
"gene50",1
"gene51",1
"gene52",1
"gene53",1
"gene54",1
"gene55",1
"gene56",1
"gene57",1
"gene58",1
"gene59",1
"gene60",1
"gene61",1
"gene62",1
"gene63",1
"gene64",1
"gene65",1
"gene66",1
"gene67",1
"gene68",1
"gene69",1
"gene70",1
"gene71",1
"gene72",1
"gene73",1
"gene74",1
"gene75",1
"gene76",1
"gene77",1
"gene78",1
"gene79",1
"gene80",1
"gene81",1
"gene82",1
"gene83",1
"gene84",1
"gene85",1
"gene86",1
"gene87",1
"gene88",1
"gene89",1
"gene90",1
"gene91",1
"gene92",1
"gene93",1
"gene94",1
"gene95",1
"gene96",1
"gene97",1
"gene98",1
"gene99",1
"gene100",1
"gene101",1
"gene102",1
"gene103",1
"gene104",1
"gene105",1
"gene106",1
"gene107",1
"gene108",1
"gene109",1
"gene110",1
"gene111",1
"gene112",1
"gene113",1
"gene114",1
"gene115",1
"gene116",1
"gene117",1
"gene118",1
"gene119",1
"gene120",1
"gene121",1
"gene122",1
"gene123",1
"gene124",1
"gene125",1
"gene126",1
"gene127",1
"gene128",1
"gene129",1
"gene130",1
"gene131",1
"gene132",1
"gene133",1
"gene134",1
"gene135",1
"gene136",1
"gene137",1
"gene138",1
"gene139",1
"gene140",1
"gene141",1
"gene142",1
"gene143",1
"gene144",1
"gene145",1
"gene146",1
"gene147",1
"gene148",1
"gene149",1
"gene150",1
"gene151",1
"gene152",1
"gene153",1
"gene154",1
"gene155",1
"gene156",1
"gene157",1
"gene158",1
"gene159",1
"gene160",1
"gene161",1
"gene162",1
"gene163",1
"gene164",1
"gene165",1
"gene166",1
"gene167",1
"gene168",1
"gene169",1
"gene170",1
"gene171",1
"gene172",1
"gene173",1
"gene174",1
"gene175",1
"gene176",1
"gene177",1
"gene178",1
"gene179",1
"gene180",1
"gene181",1
"gene182",1
"gene183",1
"gene184",1
"gene185",1
"gene186",1
"gene187",1
"gene188",1
"gene189",1
"gene190",1
"gene191",1
"gene192",1
"gene193",1
"gene194",1
"gene195",1
"gene196",1
"gene197",1
"gene198",1
"gene199",1
"gene200",1
"gene201",1
"gene202",1
"gene203",1
"gene204",1
"gene205",1
"gene206",1
"gene207",1
"gene208",1
"gene209",1
"gene210",1
"gene211",1
"gene212",1
"gene213",1
"gene214",1
"gene215",1
"gene216",1
"gene217",1
"gene218",1
"gene219",1
"gene220",1
"gene221",1
"gene222",1
"gene223",1
"gene224",1
"gene225",1
"gene226",1
"gene227",1
"gene228",1
"gene229",1
"gene230",1
"gene231",1
"gene232",1
"gene233",1
"gene234",1
"gene235",1
"gene236",1
"gene237",1
"gene238",1
"gene239",1
"gene240",1
"gene241",1
"gene242",1
"gene243",1
"gene244",1
"gene245",1
"gene246",1
"gene247",1
"gene248",1
"gene249",1
"gene250",1
"gene251",1
"gene252",1
"gene253",1
"gene254",1
"gene255",1
"gene256",1
"gene257",1
"gene258",1
"gene259",1
"gene260",1
"gene261",1
"gene262",1
"gene263",1
"gene264",1
"gene265",1
"gene266",1
"gene267",1
"gene268",1
"gene269",1
"gene270",1
"gene271",1
"gene272",1
"gene273",1
"gene274",1
"gene275",1
"gene276",1
"gene277",1
"gene278",1
"gene279",1
"gene280",1
"gene281",1
"gene282",1
"gene283",1
"gene284",1
"gene285",1
"gene286",1
"gene287",1
"gene288",1
"gene289",1
"gene290",1
"gene291",1
"gene292",1
"gene293",1
"gene294",1
"gene295",1
"gene296",1
"gene297",1
"gene298",1
"gene299",1
"gene300",1
"gene301",1
"gene302",1
"gene303",1
"gene304",1
"gene305",1
"gene306",1
"gene307",1
"gene308",1
"gene309",1
"gene310",1
"gene311",1
"gene312",1
"gene313",1
"gene314",1
"gene315",1
"gene316",1
"gene317",1
"gene318",1
"gene319",1
"gene320",1
"gene321",1
"gene322",1
"gene323",1
"gene324",1
"gene325",1
"gene326",1
"gene327",1
"gene328",1
"gene329",1
"gene330",1
"gene331",1
"gene332",1
"gene333",1
"gene334",1
"gene335",1
"gene336",1
"gene337",1
"gene338",1
"gene339",1
"gene340",1
"gene341",1
"gene342",1
"gene343",1
"gene344",1
"gene345",1
"gene346",1
"gene347",1
"gene348",1
"gene349",1
"gene350",1
"gene351",1
"gene352",1
"gene353",1
"gene354",1
"gene355",1
"gene356",1
"gene357",1
"gene358",1
"gene359",1
"gene360",1
"gene361",1
"gene362",1
"gene363",1
"gene364",1
"gene365",1
"gene366",1
"gene367",1
"gene368",1
"gene369",1
"gene370",1
"gene371",1
"gene372",1
"gene373",1
"gene374",1
"gene375",1
"gene376",1
"gene377",1
"gene378",1
"gene379",1
"gene380",1
"gene381",1
"gene382",1
"gene383",1
"gene384",1
"gene385",1
"gene386",1
"gene387",1
"gene388",1
"gene389",1
"gene390",1
"gene391",1
"gene392",1
"gene393",1
"gene394",1
"gene395",1
"gene396",1
"gene397",1
"gene398",1
"gene399",1
"gene400",1
"gene401",1
"gene402",1
"gene403",1
"gene404",1
"gene405",1
"gene406",1
"gene407",1
"gene408",1
"gene409",1
"gene410",1
"gene411",1
"gene412",1
"gene413",1
"gene414",1
"gene415",1
"gene416",1
"gene417",1
"gene418",1
"gene419",1
"gene420",1
"gene421",1
"gene422",1
"gene423",1
"gene424",1
"gene425",1
"gene426",1
"gene427",1
"gene428",1
"gene429",1
"gene430",1
"gene431",1
"gene432",1
"gene433",1
"gene434",1
"gene435",1
"gene436",1
"gene437",1
"gene438",1
"gene439",1
"gene440",1
"gene441",1
"gene442",1
"gene443",1
"gene444",1
"gene445",1
"gene446",1
"gene447",1
"gene448",1
"gene449",1
"gene450",1
"gene451",1
"gene452",1
"gene453",1
"gene454",1
"gene455",1
"gene456",1
"gene457",1
"gene458",1
"gene459",1
"gene460",1
"gene461",1
"gene462",1
"gene463",1
"gene464",1
"gene465",1
"gene466",1
"gene467",1
"gene468",1
"gene469",1
"gene470",1
"gene471",1
"gene472",1
"gene473",1
"gene474",1
"gene475",1
"gene476",1
"gene477",1
"gene478",1
"gene479",1
"gene480",1
"gene481",1
"gene482",1
"gene483",1
"gene484",1
"gene485",1
"gene486",1
"gene487",1
"gene488",1
"gene489",1
"gene490",1
"gene491",1
"gene492",1
"gene493",1
"gene494",1
"gene495",1
"gene496",1
"gene497",1
"gene498",1
"gene499",1
"gene500",1
"gene501",1
"gene502",1
"gene503",1
"gene504",1
"gene505",1
"gene506",1
"gene507",1
"gene508",1
"gene509",1
"gene510",1
"gene511",1
"gene512",1
"gene513",1
"gene514",1
"gene515",1
"gene516",1
"gene517",1
"gene518",1
"gene519",1
"gene520",1
"gene521",1
"gene522",1
"gene523",1
"gene524",1
"gene525",1
"gene526",1
"gene527",1
"gene528",1
"gene529",1
"gene530",1
"gene531",1
"gene532",1
"gene533",1
"gene534",1
"gene535",1
"gene536",1
"gene537",1
"gene538",1
"gene539",1
"gene540",1
"gene541",1
"gene542",1
"gene543",1
"gene544",1
"gene545",1
"gene546",1
"gene547",1
"gene548",1
"gene549",1
"gene550",1
"gene551",1
"gene552",1
"gene553",1
"gene554",1
"gene555",1
"gene556",1
"gene557",1
"gene558",1
"gene559",1
"gene560",1
"gene561",1
"gene562",1
"gene563",1
"gene564",1
"gene565",1
"gene566",1
"gene567",1
"gene568",1
"gene569",1
"gene570",1
"gene571",1
"gene572",1
"gene573",1
"gene574",1
"gene575",1
"gene576",1
"gene577",1
"gene578",1
"gene579",1
"gene580",1
"gene581",1
"gene582",1
"gene583",1
"gene584",1
"gene585",1
"gene586",1
"gene587",1
"gene588",1
"gene589",1
"gene590",1
"gene591",1
"gene592",1
"gene593",1
"gene594",1
"gene595",1
"gene596",1
"gene597",1
"gene598",1
"gene599",1
"gene600",1
"gene601",1
"gene602",1
"gene603",1
"gene604",1
"gene605",1
"gene606",1
"gene607",1
"gene608",1
"gene609",1
"gene610",1
"gene611",1
"gene612",1
"gene613",1
"gene614",1
"gene615",1
"gene616",1
"gene617",1
"gene618",1
"gene619",1
"gene620",1
"gene621",1
"gene622",1
"gene623",1
"gene624",1
"gene625",1
"gene626",1
"gene627",1
"gene628",1
"gene629",1
"gene630",1
"gene631",1
"gene632",1
"gene633",1
"gene634",1
"gene635",1
"gene636",1
"gene637",1
"gene638",1
"gene639",1
"gene640",1
"gene641",1
"gene642",1
"gene643",1
"gene644",1
"gene645",1
"gene646",1
"gene647",1
"gene648",1
"gene649",1
"gene650",1
"gene651",1
"gene652",1
"gene653",1
"gene654",1
"gene655",1
"gene656",1
"gene657",1
"gene658",1
"gene659",1
"gene660",1
"gene661",1
"gene662",1
"gene663",1
"gene664",1
"gene665",1
"gene666",1
"gene667",1
"gene668",1
"gene669",1
"gene670",1
"gene671",1
"gene672",1
"gene673",1
"gene674",1
"gene675",1
"gene676",1
"gene677",1
"gene678",1
"gene679",1
"gene680",1
"gene681",1
"gene682",1
"gene683",1
"gene684",1
"gene685",1
"gene686",1
"gene687",1
"gene688",1
"gene689",1
"gene690",1
"gene691",1
"gene692",1
"gene693",1
"gene694",1
"gene695",1
"gene696",1
"gene697",1
"gene698",1
"gene699",1
"gene700",1
"gene701",1
"gene702",1
"gene703",1
"gene704",1
"gene705",1
"gene706",1
"gene707",1
"gene708",1
"gene709",1
"gene710",1
"gene711",1
"gene712",1
"gene713",1
"gene714",1
"gene715",1
"gene716",1
"gene717",1
"gene718",1
"gene719",1
"gene720",1
"gene721",1
"gene722",1
"gene723",1
"gene724",1
"gene725",1
"gene726",1
"gene727",1
"gene728",1
"gene729",1
"gene730",1
"gene731",1
"gene732",1
"gene733",1
"gene734",1
"gene735",1
"gene736",1
"gene737",1
"gene738",1
"gene739",1
"gene740",1
"gene741",1
"gene742",1
"gene743",1
"gene744",1
"gene745",1
"gene746",1
"gene747",1
"gene748",1
"gene749",1
"gene750",1
"gene751",1
"gene752",1
"gene753",1
"gene754",1
"gene755",1
"gene756",1
"gene757",1
"gene758",1
"gene759",1
"gene760",1
"gene761",1
"gene762",1
"gene763",1
"gene764",1
"gene765",1
"gene766",1
"gene767",1
"gene768",1
"gene769",1
"gene770",1
"gene771",1
"gene772",1
"gene773",1
"gene774",1
"gene775",1
"gene776",1
"gene777",1
"gene778",1
"gene779",1
"gene780",1
"gene781",1
"gene782",1
"gene783",1
"gene784",1
"gene785",1
"gene786",1
"gene787",1
"gene788",1
"gene789",1
"gene790",1
"gene791",1
"gene792",1
"gene793",1
"gene794",1
"gene795",1
"gene796",1
"gene797",1
"gene798",1
"gene799",1
"gene800",1
"gene2148",1
"gene808",2
"gene801",2
"gene802",3
"gene803",2
"gene804",2
"gene805",3
"gene806",3
"gene807",2
"gene809",2
"gene810",2
"gene811",2
"gene812",2
"gene813",2
"gene814",2
"gene815",2
"gene816",2
"gene817",2
"gene818",2
"gene819",2
"gene820",3
"gene821",3
"gene822",3
"gene823",3
"gene824",2
"gene825",2
"gene826",2
"gene827",2
"gene828",2
"gene829",2
"gene830",2
"gene831",2
"gene832",2
"gene833",2
"gene834",2
"gene835",2
"gene836",2
"gene837",2
"gene838",3
"gene839",2
"gene840",2
"gene841",2
"gene842",2
"gene843",2
"gene844",2
"gene845",2
"gene846",3
"gene847",2
"gene848",2
"gene849",2
"gene850",2
"gene851",2
"gene852",3
"gene853",3
"gene854",2
"gene855",3
"gene856",2
"gene857",2
"gene858",2
"gene859",2
"gene860",3
"gene861",2
"gene862",2
"gene863",2
"gene864",2
"gene865",3
"gene866",2
"gene867",2
"gene868",3
"gene869",3
"gene870",2
"gene871",2
"gene872",2
"gene873",2
"gene874",2
"gene875",2
"gene876",2
"gene877",3
"gene878",2
"gene879",3
"gene880",3
"gene881",3
"gene882",2
"gene883",3
"gene884",2
"gene885",2
"gene886",2
"gene887",2
"gene888",2
"gene889",2
"gene890",3
"gene891",2
"gene892",2
"gene893",3
"gene894",2
"gene895",2
"gene896",2
"gene897",2
"gene898",2
"gene899",2
"gene900",2
"gene2039",2
"gene2508",2
"gene2516",2
"gene2813",2
"gene3027",2
"gene3410",2
"gene3504",2
"gene3587",2
"gene3632",2
"gene3833",2
"gene3876",2
"gene4081",2
"gene4323",2
"gene4666",2
"gene4858",2
"gene4859",2
"gene4860",2
"gene4861",2
"gene4862",2
"gene4863",2
"gene2784",2
"gene3528",2
"gene4002",2
"gene4706",2
"gene4785",2
"gene4864",2
"gene2174",2
"gene2418",2
"gene2489",2
"gene2650",2
"gene2724",2
"gene2805",2
"gene2953",2
"gene3034",2
"gene3195",2
"gene3287",2
"gene3295",2
"gene3394",2
"gene3461",2
"gene3510",2
"gene3739",2
"gene3998",2
"gene4191",2
"gene4396",2
"gene4489",2
"gene4569",2
"gene4715",2
"gene2984",2
"gene2045",2
"gene4621",2
"gene4832",2
"gene2417",2
"gene2297",2
"gene4750",2
"gene3478",2
"gene3822",2
"gene2011",2
"gene1920",3
"gene3509",2
"gene4743",2
"gene953",3
"gene901",3
"gene902",3
"gene903",3
"gene904",3
"gene905",3
"gene906",3
"gene907",3
"gene908",3
"gene909",3
"gene910",3
"gene911",3
"gene912",3
"gene913",3
"gene914",3
"gene915",3
"gene916",3
"gene917",3
"gene918",3
"gene919",3
"gene920",3
"gene921",3
"gene922",3
"gene923",3
"gene924",3
"gene925",3
"gene926",3
"gene927",3
"gene928",3
"gene929",3
"gene930",3
"gene931",3
"gene932",3
"gene933",3
"gene934",3
"gene935",3
"gene936",3
"gene937",3
"gene938",3
"gene939",3
"gene940",3
"gene941",3
"gene942",3
"gene943",3
"gene944",3
"gene945",3
"gene946",3
"gene947",3
"gene948",3
"gene949",3
"gene950",3
"gene951",3
"gene952",3
"gene954",3
"gene955",3
"gene956",3
"gene957",3
"gene958",3
"gene959",3
"gene960",3
"gene961",3
"gene962",3
"gene963",3
"gene964",3
"gene965",3
"gene966",3
"gene967",3
"gene968",3
"gene969",3
"gene970",3
"gene971",3
"gene972",3
"gene973",3
"gene974",3
"gene975",3
"gene976",3
"gene977",3
"gene978",3
"gene979",3
"gene980",3
"gene981",3
"gene982",3
"gene983",3
"gene984",3
"gene985",3
"gene986",3
"gene987",3
"gene988",3
"gene989",3
"gene990",3
"gene991",3
"gene992",3
"gene993",3
"gene994",3
"gene995",3
"gene996",3
"gene997",3
"gene998",3
"gene999",3
"gene1000",3
"gene1001",3
"gene1002",3
"gene1003",3
"gene1004",3
"gene1005",3
"gene1006",3
"gene1007",3
"gene1008",3
"gene1009",3
"gene1010",3
"gene1011",3
"gene1012",3
"gene1013",3
"gene1014",3
"gene1015",3
"gene1016",3
"gene1017",3
"gene1018",3
"gene1019",3
"gene1020",3
"gene1021",3
"gene1022",3
"gene1023",3
"gene1024",3
"gene1025",3
"gene1026",3
"gene1027",3
"gene1028",3
"gene1029",3
"gene1030",3
"gene1031",3
"gene1032",3
"gene1033",3
"gene1034",3
"gene1035",3
"gene1036",3
"gene1037",3
"gene1038",3
"gene1039",3
"gene1040",3
"gene1041",3
"gene1042",3
"gene1043",3
"gene1044",3
"gene1045",3
"gene1046",3
"gene1047",3
"gene1048",3
"gene1049",3
"gene1050",3
"gene1051",3
"gene1052",3
"gene1053",3
"gene1054",3
"gene1055",3
"gene1056",3
"gene1057",3
"gene1058",3
"gene1059",3
"gene1060",3
"gene1061",3
"gene1062",3
"gene1063",3
"gene1064",3
"gene1065",3
"gene1066",3
"gene1067",3
"gene1068",3
"gene1069",3
"gene1070",3
"gene1071",3
"gene1072",3
"gene1073",3
"gene1074",3
"gene1075",3
"gene1076",3
"gene1077",3
"gene1078",3
"gene1079",3
"gene1080",3
"gene1081",3
"gene1082",3
"gene1083",3
"gene1084",3
"gene1085",3
"gene1086",3
"gene1087",3
"gene1088",3
"gene1089",3
"gene1090",3
"gene1091",3
"gene1092",3
"gene1093",3
"gene1094",3
"gene1095",3
"gene1096",3
"gene1097",3
"gene1098",3
"gene1099",3
"gene1100",3
"gene1101",3
"gene1102",3
"gene1103",3
"gene1104",3
"gene1105",3
"gene1106",3
"gene1107",3
"gene1108",3
"gene1109",3
"gene1110",3
"gene1111",3
"gene1112",3
"gene1113",3
"gene1114",3
"gene1115",3
"gene1116",3
"gene1117",3
"gene1118",3
"gene1119",3
"gene1120",3
"gene1121",3
"gene1122",3
"gene1123",3
"gene1124",3
"gene1125",3
"gene1126",3
"gene1127",3
"gene1128",3
"gene1129",3
"gene1130",3
"gene1131",3
"gene1132",3
"gene1133",3
"gene1134",3
"gene1135",3
"gene1136",3
"gene1137",3
"gene1138",3
"gene1139",3
"gene1140",3
"gene1141",3
"gene1142",3
"gene1143",3
"gene1144",3
"gene1145",3
"gene1146",3
"gene1147",3
"gene1148",3
"gene1149",3
"gene1150",3
"gene1151",3
"gene1152",3
"gene1153",3
"gene1154",3
"gene1155",3
"gene1156",3
"gene1157",3
"gene1158",3
"gene1159",3
"gene1160",3
"gene1161",3
"gene1162",3
"gene1163",3
"gene1164",3
"gene1165",3
"gene1166",3
"gene1167",3
"gene1168",3
"gene1169",3
"gene1170",3
"gene1171",3
"gene1172",3
"gene1173",3
"gene1174",3
"gene1175",3
"gene1176",3
"gene1177",3
"gene1178",3
"gene1179",3
"gene1180",3
"gene1181",3
"gene1182",3
"gene1183",3
"gene1184",3
"gene1185",3
"gene1186",3
"gene1187",3
"gene1188",3
"gene1189",3
"gene1190",3
"gene1191",3
"gene1192",3
"gene1193",3
"gene1194",3
"gene1195",3
"gene1196",3
"gene1197",3
"gene1198",3
"gene1199",3
"gene1200",3
"gene1201",3
"gene1202",3
"gene1203",3
"gene1204",3
"gene1205",3
"gene1206",3
"gene1207",3
"gene1208",3
"gene1209",3
"gene1210",3
"gene1211",3
"gene1212",3
"gene1213",3
"gene1214",3
"gene1215",3
"gene1216",3
"gene1217",3
"gene1218",3
"gene1219",3
"gene1220",3
"gene1221",3
"gene1222",3
"gene1223",3
"gene1224",3
"gene1225",3
"gene1226",3
"gene1227",3
"gene1228",3
"gene1229",3
"gene1230",3
"gene1231",3
"gene1232",3
"gene1233",3
"gene1234",3
"gene1235",3
"gene1236",3
"gene1237",3
"gene1238",3
"gene1239",3
"gene1240",3
"gene1241",3
"gene1242",3
"gene1243",3
"gene1244",3
"gene1245",3
"gene1246",3
"gene1247",3
"gene1248",3
"gene1249",3
"gene1250",3
"gene1251",3
"gene1252",3
"gene1253",3
"gene1254",3
"gene1255",3
"gene1256",3
"gene1257",3
"gene1258",3
"gene1259",3
"gene1260",3
"gene1261",3
"gene1262",3
"gene1263",3
"gene1264",3
"gene1265",3
"gene1266",3
"gene1267",3
"gene1268",3
"gene1269",3
"gene1270",3
"gene1271",3
"gene1272",3
"gene1273",3
"gene1274",3
"gene1275",3
"gene1276",3
"gene1277",3
"gene1278",3
"gene1279",3
"gene1280",3
"gene1281",3
"gene1282",3
"gene1283",3
"gene1284",3
"gene1285",3
"gene1286",3
"gene1287",3
"gene1288",3
"gene1289",3
"gene1290",3
"gene1291",3
"gene1292",3
"gene1293",3
"gene1294",3
"gene1295",3
"gene1296",3
"gene1297",3
"gene1298",3
"gene1299",3
"gene1300",3
"gene1301",3
"gene1302",3
"gene1303",3
"gene1304",3
"gene1305",3
"gene1306",3
"gene1307",3
"gene1308",3
"gene1309",3
"gene1310",3
"gene1311",3
"gene1312",3
"gene1313",3
"gene1314",3
"gene1315",3
"gene1316",3
"gene1317",3
"gene1318",3
"gene1319",3
"gene1320",3
"gene1321",3
"gene1322",3
"gene1323",3
"gene1324",3
"gene1325",3
"gene1326",3
"gene1327",3
"gene1328",3
"gene1329",3
"gene1330",3
"gene1331",3
"gene1332",3
"gene1333",3
"gene1334",3
"gene1335",3
"gene1336",3
"gene1337",3
"gene1338",3
"gene1339",3
"gene1340",3
"gene1341",3
"gene1342",3
"gene1343",3
"gene1344",3
"gene1345",3
"gene1346",3
"gene1347",3
"gene1348",3
"gene1349",3
"gene1350",3
"gene1351",3
"gene1352",3
"gene1353",3
"gene1354",3
"gene1355",3
"gene1356",3
"gene1357",3
"gene1358",3
"gene1359",3
"gene1360",3
"gene1361",3
"gene1362",3
"gene1363",3
"gene1364",3
"gene1365",3
"gene1366",3
"gene1367",3
"gene1368",3
"gene1369",3
"gene1370",3
"gene1371",3
"gene1372",3
"gene1373",3
"gene1374",3
"gene1375",3
"gene1376",3
"gene1377",3
"gene1378",3
"gene1379",3
"gene1380",3
"gene1381",3
"gene1382",3
"gene1383",3
"gene1384",3
"gene1385",3
"gene1386",3
"gene1387",3
"gene1388",3
"gene1389",3
"gene1390",3
"gene1391",3
"gene1392",3
"gene1393",3
"gene1394",3
"gene1395",3
"gene1396",3
"gene1397",3
"gene1398",3
"gene1399",3
"gene1400",3
"gene1401",3
"gene1402",3
"gene1403",3
"gene1404",3
"gene1405",3
"gene1406",3
"gene1407",3
"gene1408",3
"gene1409",3
"gene1410",3
"gene1411",3
"gene1412",3
"gene1413",3
"gene1414",3
"gene1415",3
"gene1416",3
"gene1417",3
"gene1418",3
"gene1419",3
"gene1420",3
"gene1421",3
"gene1422",3
"gene1423",3
"gene1424",3
"gene1425",3
"gene1426",3
"gene1427",3
"gene1428",3
"gene1429",3
"gene1430",3
"gene1431",3
"gene1432",3
"gene1433",3
"gene1434",3
"gene1435",3
"gene1436",3
"gene1437",3
"gene1438",3
"gene1439",3
"gene1440",3
"gene1441",3
"gene1442",3
"gene1443",3
"gene1444",3
"gene1445",3
"gene1446",3
"gene1447",3
"gene1448",3
"gene1449",3
"gene1450",3
"gene1451",3
"gene1452",3
"gene1453",3
"gene1454",3
"gene1455",3
"gene1456",3
"gene1457",3
"gene1458",3
"gene1459",3
"gene1460",3
"gene1461",3
"gene1462",3
"gene1463",3
"gene1464",3
"gene1465",3
"gene1466",3
"gene1467",3
"gene1468",3
"gene1469",3
"gene1470",3
"gene1471",3
"gene1472",3
"gene1473",3
"gene1474",3
"gene1475",3
"gene1476",3
"gene1477",3
"gene1478",3
"gene1479",3
"gene1480",3
"gene1481",3
"gene1482",3
"gene1483",3
"gene1484",3
"gene1485",3
"gene1486",3
"gene1487",3
"gene1488",3
"gene1489",3
"gene1490",3
"gene1491",3
"gene1492",3
"gene1493",3
"gene1494",3
"gene1495",3
"gene1496",3
"gene1497",3
"gene1498",3
"gene1499",3
"gene1500",3
"gene1501",3
"gene1502",3
"gene1503",3
"gene1504",3
"gene1505",3
"gene1506",3
"gene1507",3
"gene1508",3
"gene1509",3
"gene1510",3
"gene1511",3
"gene1512",3
"gene1513",3
"gene1514",3
"gene1515",3
"gene1516",3
"gene1517",3
"gene1518",3
"gene1519",3
"gene1520",3
"gene1521",3
"gene1522",3
"gene1523",3
"gene1524",3
"gene1525",3
"gene1526",3
"gene1527",3
"gene1528",3
"gene1529",3
"gene1530",3
"gene1531",3
"gene1532",3
"gene1533",3
"gene1534",3
"gene1535",3
"gene1536",3
"gene1537",3
"gene1538",3
"gene1539",3
"gene1540",3
"gene1541",3
"gene1542",3
"gene1543",3
"gene1544",3
"gene1545",3
"gene1546",3
"gene1547",3
"gene1548",3
"gene1549",3
"gene1550",3
"gene1551",3
"gene1552",3
"gene1553",3
"gene1554",3
"gene1555",3
"gene1556",3
"gene1557",3
"gene1558",3
"gene1559",3
"gene1560",3
"gene1561",3
"gene1562",3
"gene1563",3
"gene1564",3
"gene1565",3
"gene1566",3
"gene1567",3
"gene1568",3
"gene1569",3
"gene1570",3
"gene1571",3
"gene1572",3
"gene1573",3
"gene1574",3
"gene1575",3
"gene1576",3
"gene1577",3
"gene1578",3
"gene1579",3
"gene1580",3
"gene1581",3
"gene1582",3
"gene1583",3
"gene1584",3
"gene1585",3
"gene1586",3
"gene1587",3
"gene1588",3
"gene1589",3
"gene1590",3
"gene1591",3
"gene1592",3
"gene1593",3
"gene1594",3
"gene1595",3
"gene1596",3
"gene1597",3
"gene1598",3
"gene1599",3
"gene1600",3
"gene1601",3
"gene1602",3
"gene1603",3
"gene1604",3
"gene1605",3
"gene1606",3
"gene1607",3
"gene1608",3
"gene1609",3
"gene1610",3
"gene1611",3
"gene1612",3
"gene1613",3
"gene1614",3
"gene1615",3
"gene1616",3
"gene1617",3
"gene1618",3
"gene1619",3
"gene1620",3
"gene1621",3
"gene1622",3
"gene1623",3
"gene1624",3
"gene1625",3
"gene1626",3
"gene1627",3
"gene1628",3
"gene1629",3
"gene1630",3
"gene1631",3
"gene1632",3
"gene1633",3
"gene1634",3
"gene1635",3
"gene1636",3
"gene1637",3
"gene1638",3
"gene1639",3
"gene1640",3
"gene1641",3
"gene1642",3
"gene1643",3
"gene1644",3
"gene1645",3
"gene1646",3
"gene1647",3
"gene1648",3
"gene1649",3
"gene1650",3
"gene1651",3
"gene1652",3
"gene1653",3
"gene1654",3
"gene1655",3
"gene1656",3
"gene1657",3
"gene1658",3
"gene1659",3
"gene1660",3
"gene1661",3
"gene1662",3
"gene1663",3
"gene1664",3
"gene1665",3
"gene1666",3
"gene1667",3
"gene1668",3
"gene1669",3
"gene1670",3
"gene1671",3
"gene1672",3
"gene1673",3
"gene1674",3
"gene1675",3
"gene1676",3
"gene1677",3
"gene1678",3
"gene1679",3
"gene1680",3
"gene1681",3
"gene1682",3
"gene1683",3
"gene1684",3
"gene1685",3
"gene1686",3
"gene1687",3
"gene1688",3
"gene1689",3
"gene1690",3
"gene1691",3
"gene1692",3
"gene1693",3
"gene1694",3
"gene1695",3
"gene1696",3
"gene1697",3
"gene1698",3
"gene1699",3
"gene1700",3
"gene1701",3
"gene1702",3
"gene1703",3
"gene1704",3
"gene1705",3
"gene1706",3
"gene1707",3
"gene1708",3
"gene1709",3
"gene1710",3
"gene1711",3
"gene1712",3
"gene1713",3
"gene1714",3
"gene1715",3
"gene1716",3
"gene1717",3
"gene1718",3
"gene1719",3
"gene1720",3
"gene1721",3
"gene1722",3
"gene1723",3
"gene1724",3
"gene1725",3
"gene1726",3
"gene1727",3
"gene1728",3
"gene1729",3
"gene1730",3
"gene1731",3
"gene1732",3
"gene1733",3
"gene1734",3
"gene1735",3
"gene1736",3
"gene1737",3
"gene1738",3
"gene1739",3
"gene1740",3
"gene1741",3
"gene1742",3
"gene1743",3
"gene1744",3
"gene1745",3
"gene1746",3
"gene1747",3
"gene1748",3
"gene1749",3
"gene1750",3
"gene1751",3
"gene1752",3
"gene1753",3
"gene1754",3
"gene1755",3
"gene1756",3
"gene1757",3
"gene1758",3
"gene1759",3
"gene1760",3
"gene1761",3
"gene1762",3
"gene1763",3
"gene1764",3
"gene1765",3
"gene1766",3
"gene1767",3
"gene1768",3
"gene1769",3
"gene1770",3
"gene1771",3
"gene1772",3
"gene1773",3
"gene1774",3
"gene1775",3
"gene1776",3
"gene1777",3
"gene1778",3
"gene1779",3
"gene1780",3
"gene1781",3
"gene1782",3
"gene1783",3
"gene1784",3
"gene1785",3
"gene1786",3
"gene1787",3
"gene1788",3
"gene1789",3
"gene1790",3
"gene1791",3
"gene1792",3
"gene1793",3
"gene1794",3
"gene1795",3
"gene1796",3
"gene1797",3
"gene1798",3
"gene1799",3
"gene1800",3
"gene1801",3
"gene1802",3
"gene1803",3
"gene1804",3
"gene1805",3
"gene1806",3
"gene1807",3
"gene1808",3
"gene1809",3
"gene1810",3
"gene1811",3
"gene1812",3
"gene1813",3
"gene1814",3
"gene1815",3
"gene1816",3
"gene1817",3
"gene1818",3
"gene1819",3
"gene1820",3
"gene1821",3
"gene1822",3
"gene1823",3
"gene1824",3
"gene1825",3
"gene1826",3
"gene1827",3
"gene1828",3
"gene1829",3
"gene1830",3
"gene1831",3
"gene1832",3
"gene1833",3
"gene1834",3
"gene1835",3
"gene1836",3
"gene1837",3
"gene1838",3
"gene1839",3
"gene1840",3
"gene1841",3
"gene1842",3
"gene1843",3
"gene1844",3
"gene1845",3
"gene1846",3
"gene1847",3
"gene1848",3
"gene1849",3
"gene1850",3
"gene1851",3
"gene1852",3
"gene1853",3
"gene1854",3
"gene1855",3
"gene1856",3
"gene1857",3
"gene1858",3
"gene1859",3
"gene1860",3
"gene1861",3
"gene1862",3
"gene1863",3
"gene1864",3
"gene1865",3
"gene1866",3
"gene1867",3
"gene1868",3
"gene1869",3
"gene1870",3
"gene1871",3
"gene1872",3
"gene1873",3
"gene1874",3
"gene1875",3
"gene1876",3
"gene1877",3
"gene1878",3
"gene1879",3
"gene1880",3
"gene1881",3
"gene1882",3
"gene1883",3
"gene1884",3
"gene1885",3
"gene1886",3
"gene1887",3
"gene1888",3
"gene1889",3
"gene1890",3
"gene1891",3
"gene1892",3
"gene1893",3
"gene1894",3
"gene1895",3
"gene1896",3
"gene1897",3
"gene1898",3
"gene1899",3
"gene1900",3
"gene1901",3
"gene1902",3
"gene1903",3
"gene1904",3
"gene1905",3
"gene1906",3
"gene1907",3
"gene1908",3
"gene1909",3
"gene1910",3
"gene1911",3
"gene1912",3
"gene1913",3
"gene1914",3
"gene1915",3
"gene1916",3
"gene1917",3
"gene1918",3
"gene1919",3
"gene1921",3
"gene1922",3
"gene1923",3
"gene1924",3
"gene1925",3
"gene1926",3
"gene1927",3
"gene1928",3
"gene1929",3
"gene1930",3
"gene1931",3
"gene1932",3
"gene1933",3
"gene1934",3
"gene1935",3
"gene1936",3
"gene1937",3
"gene1938",3
"gene1939",3
"gene1940",3
"gene1941",3
"gene1942",3
"gene1943",3
"gene1944",3
"gene1945",3
"gene1946",3
"gene1947",3
"gene1948",3
"gene1949",3
"gene1950",3
"gene1951",3
"gene1952",3
"gene1953",3
"gene1954",3
"gene1955",3
"gene1956",3
"gene1957",3
"gene1958",3
"gene1959",3
"gene1960",3
"gene1961",3
"gene1962",3
"gene1963",3
"gene1964",3
"gene1965",3
"gene1966",3
"gene1967",3
"gene1968",3
"gene1969",3
"gene1970",3
"gene1971",3
"gene1972",3
"gene1973",3
"gene1974",3
"gene1975",3
"gene1976",3
"gene1977",3
"gene1978",3
"gene1979",3
"gene1980",3
"gene1981",3
"gene1982",3
"gene1983",3
"gene1984",3
"gene1985",3
"gene1986",3
"gene1987",3
"gene1988",3
"gene1989",3
"gene1990",3
"gene1991",3
"gene1992",3
"gene1993",3
"gene1994",3
"gene1995",3
"gene1996",3
"gene1997",3
"gene1998",3
"gene1999",3
"gene2000",3
"gene2173",2
"gene3466",2
"gene4062",2
"gene3645",2
"gene2427",2
"gene4691",2
"gene3088",4
"gene3984",5
